{
	"id": "956a70a4520eb2f19882a253b5cb63a0",
	"_format": "hh-sol-build-info-1",
	"solcVersion": "0.8.26",
	"solcLongVersion": "0.8.26+commit.8a97fa7a",
	"input": {
		"language": "Solidity",
		"sources": {
			"StudentReportCardSystem/ReportCard.SOL": {
				"content": "// SPDX-License-Identifier: GPL-3.0\r\n\r\npragma solidity ^0.8.0;"
			}
		},
		"settings": {
			"optimizer": {
				"enabled": false,
				"runs": 200
			},
			"outputSelection": {
				"*": {
					"": [
						"ast"
					],
					"*": [
						"abi",
						"metadata",
						"devdoc",
						"userdoc",
						"storageLayout",
						"evm.legacyAssembly",
						"evm.bytecode",
						"evm.deployedBytecode",
						"evm.methodIdentifiers",
						"evm.gasEstimates",
						"evm.assembly"
					]
				}
			},
			"remappings": []
		}
	},
	"output": {
		"sources": {
			"StudentReportCardSystem/ReportCard.SOL": {
				"ast": {
					"absolutePath": "StudentReportCardSystem/ReportCard.SOL",
					"exportedSymbols": {},
					"id": 2,
					"license": "GPL-3.0",
					"nodeType": "SourceUnit",
					"nodes": [
						{
							"id": 1,
							"literals": [
								"solidity",
								"^",
								"0.8",
								".0"
							],
							"nodeType": "PragmaDirective",
							"src": "39:23:0"
						}
					],
					"src": "39:23:0"
				},
				"id": 0
			}
		}
	}
}